mixed_col,ambiguous_date,mostly_null,category,col_1,col_2,col_3,col_4,col_5,col_6,col_7,col_8,col_9,col_10,col_11,col_12,col_13,col_14,col_15,col_16,col_17,col_18,col_19,col_20,col_21,col_22,col_23,col_24,col_25,col_26,col_27,col_28,col_29,col_30,col_31,col_32,col_33,col_34,col_35,col_36,col_37,col_38,col_39,col_40,col_41,col_42
UNKNOWN,11/03/2025,,Red,str_val_1,26.64788644643422,str_val_3,86.97735511609949,str_val_5,70.5845490172553,str_val_7,3.8018374683587486,str_val_9,67.68120355972168,str_val_11,95.08822474002753,str_val_13,48.16757638143445,str_val_15,24.457794237352847,str_val_17,19.218849736933286,str_val_19,86.69879521311088,str_val_21,65.35516151078869,str_val_23,24.196339206567576,str_val_25,57.49576211709299,str_val_27,72.73600410285613,str_val_29,95.68102593756845,str_val_31,67.25327882573498,str_val_33,15.222774836007103,str_val_35,91.43936709008076,str_val_37,17.212955927814743,str_val_39,44.13978116256837,str_val_41,75.33342611843297
624,04/10/2025,,Blue,str_val_1,93.58600468630335,str_val_3,10.944178428332375,str_val_5,70.91895850426535,str_val_7,84.52401097035307,str_val_9,3.642530246271658,str_val_11,98.91881172043824,str_val_13,15.55297221425781,str_val_15,64.45474471147914,str_val_17,65.73108755415599,str_val_19,15.177249371891454,str_val_21,72.32670668404258,str_val_23,45.28269350447397,str_val_25,8.774317837755541,str_val_27,29.36373128981581,str_val_29,52.72392667183217,str_val_31,15.923840249177523,str_val_33,54.13225646591305,str_val_35,71.86281118973609,str_val_37,16.34100362756078,str_val_39,46.85926073345783,str_val_41,72.37577398923776
755,08/05/2025,,Red,str_val_1,75.63125572663395,str_val_3,57.475568728769275,str_val_5,20.385041876115807,str_val_7,87.71684636809661,str_val_9,63.11457045455954,str_val_11,43.622604729644586,str_val_13,73.5527396430361,str_val_15,24.56401662407587,str_val_17,6.657969495517202,str_val_19,40.17985385780754,str_val_21,4.17255289630043,str_val_23,86.47210800725871,str_val_25,39.328410424036456,str_val_27,27.21104927497562,str_val_29,36.302815160769484,str_val_31,59.409244242405755,str_val_33,4.992008526871084,str_val_35,53.25132664196117,str_val_37,35.05122742930015,str_val_39,46.25805363531259,str_val_41,2.9263284237288967
246,01/04/2025,,Green,str_val_1,40.346059438941985,str_val_3,6.870330981395146,str_val_5,69.90365884830538,str_val_7,23.217323072435402,str_val_9,96.38981408351783,str_val_11,86.38814326653484,str_val_13,27.995967082228944,str_val_15,81.71791939736993,str_val_17,33.9606042802049,str_val_19,23.212203987505276,str_val_21,73.66030739972184,str_val_23,89.8392804956785,str_val_25,3.9400074851889344,str_val_27,59.51379155159344,str_val_29,89.10571159536327,str_val_31,71.6306682321266,str_val_33,86.63144858119175,str_val_35,49.38631709883601,str_val_37,18.237366162407188,str_val_39,35.616141028552775,str_val_41,29.309696693926192
623,05/03/2025,,Green,str_val_1,18.475389550199584,str_val_3,8.147052140117605,str_val_5,43.27930964344705,str_val_7,84.21144889116995,str_val_9,70.21230577988119,str_val_11,11.441031926306378,str_val_13,10.648406837809798,str_val_15,69.04861678234934,str_val_17,43.8884008445751,str_val_19,66.77514705889752,str_val_21,42.29984336961039,str_val_23,74.30599394578168,str_val_25,12.125330290108705,str_val_27,23.921480631245352,str_val_29,13.344182240004976,str_val_31,81.70949770727965,str_val_33,78.93043571404455,str_val_35,2.9914074990701756,str_val_37,52.07295770812733,str_val_39,8.634306646159951,str_val_41,85.26539099115755
450,12/02/2025,,Red,str_val_1,28.44178246683353,str_val_3,20.177384460453162,str_val_5,44.328751132127486,str_val_7,24.159889653575462,str_val_9,78.6110533609709,str_val_11,0.7810566169110467,str_val_13,86.92468485718153,str_val_15,85.21418199960523,str_val_17,97.94736667889751,str_val_19,49.53703801776378,str_val_21,22.61342725242026,str_val_23,68.12404614225888,str_val_25,40.82386998204163,str_val_27,85.95812777715469,str_val_29,67.37783678851014,str_val_31,72.37389432276579,str_val_33,78.08920083558573,str_val_35,66.21502752697437,str_val_37,70.21357111291739,str_val_39,71.94966560677054,str_val_41,78.53441588973963
141,04/12/2025,,Red,str_val_1,85.8894692264968,str_val_3,82.18123059960462,str_val_5,41.08076728356262,str_val_7,50.333926634945605,str_val_9,30.19724075118255,str_val_11,78.97219868360501,str_val_13,81.6975070527744,str_val_15,71.61498329922644,str_val_17,54.42385491354599,str_val_19,43.79836165863797,str_val_21,56.21436271736272,str_val_23,36.778721489961356,str_val_25,9.489715921844644,str_val_27,72.29081641770333,str_val_29,44.646733930616534,str_val_31,53.157986539710386,str_val_33,64.42411871058216,str_val_35,46.86419171255477,str_val_37,31.661186160555467,str_val_39,22.788872621667544,str_val_41,37.841714359798885
196,04/07/2025,,Blue,str_val_1,66.44419030058616,str_val_3,33.415251074683404,str_val_5,43.86622499287076,str_val_7,11.652838769990003,str_val_9,40.01073576398533,str_val_11,2.8195734495658376,str_val_13,36.50506254385941,str_val_15,7.1206780295258065,str_val_17,22.455123430712355,str_val_19,43.863347070004366,str_val_21,35.153622441470986,str_val_23,54.57674431202424,str_val_25,38.60332204832824,str_val_27,59.670027450976136,str_val_29,85.26875290103852,str_val_31,37.38600410452292,str_val_33,34.04213567575489,str_val_35,28.606593342688125,str_val_37,58.05880325983265,str_val_39,52.296761875650574,str_val_41,73.27940434333264
894,06/05/2025,,Green,str_val_1,44.33846893189796,str_val_3,64.87622555047872,str_val_5,7.660979706532222,str_val_7,33.870581845087166,str_val_9,10.522595361320752,str_val_11,2.4780045191573175,str_val_13,9.589090702293557,str_val_15,37.85392257436104,str_val_17,35.535128593294374,str_val_19,32.47999877760682,str_val_21,88.03732877524702,str_val_23,40.81982766635915,str_val_25,14.944061681414567,str_val_27,41.6693321898466,str_val_29,69.4432802502302,str_val_31,82.82589991007306,str_val_33,71.79807459963081,str_val_35,87.28088936522552,str_val_37,14.294436600581161,str_val_39,89.79388483037995,str_val_41,59.72601313387048
644,11/01/2025,,Blue,str_val_1,77.06711322439317,str_val_3,94.43650821904967,str_val_5,15.20163070044297,str_val_7,66.33433193721964,str_val_9,42.41726283624272,str_val_11,74.80050799066672,str_val_13,28.58283941064499,str_val_15,38.09110780247573,str_val_17,13.435567895842226,str_val_19,80.00871543502342,str_val_21,98.5834409599486,str_val_23,37.74217482875284,str_val_25,88.317137621988,str_val_27,53.1153938615391,str_val_29,31.09522256306153,str_val_31,87.79303410204781,str_val_33,27.49693005692986,str_val_35,84.5556049238216,str_val_37,13.38411529030681,str_val_39,51.104750502922656,str_val_41,82.20724023778054
UNKNOWN,04/05/2025,,Blue,str_val_1,85.00595647168474,str_val_3,77.59882255672615,str_val_5,5.775109687570978,str_val_7,28.39576525239612,str_val_9,97.00922958243275,str_val_11,7.1109927824289265,str_val_13,50.33583726066746,str_val_15,54.11252397226849,str_val_17,9.799003057282018,str_val_19,74.6865010349952,str_val_21,34.22211730844737,str_val_23,68.63551358169782,str_val_25,90.43884762326522,str_val_27,91.29060795717562,str_val_29,84.48070412842985,str_val_31,9.18018549269033,str_val_33,14.047521436016607,str_val_35,83.69172872619379,str_val_37,5.435323352563093,str_val_39,5.464123939227572,str_val_41,50.27654459515224
392,11/02/2025,,Red,str_val_1,74.51924724746259,str_val_3,14.044878667534643,str_val_5,31.11557358116196,str_val_7,58.620542545086465,str_val_9,57.75123540372012,str_val_11,23.450103686275202,str_val_13,15.675145073720586,str_val_15,99.73939186464,str_val_17,86.54111064474492,str_val_19,58.39745361595672,str_val_21,49.00887274322483,str_val_23,28.154035647955045,str_val_25,45.132709549660554,str_val_27,45.792325544278555,str_val_29,3.307598254966315,str_val_31,41.342419928856565,str_val_33,63.273318209762785,str_val_35,45.333182542077644,str_val_37,76.03591973357024,str_val_39,73.24091071779189,str_val_41,34.22764577231665
929,03/06/2025,,Red,str_val_1,66.66342037518999,str_val_3,48.446732776892254,str_val_5,23.841722603189897,str_val_7,33.46283836248954,str_val_9,36.523744422999,str_val_11,13.573079688808122,str_val_13,1.7128792253162994,str_val_15,62.06576061434619,str_val_17,52.08832229070575,str_val_19,42.42640113234232,str_val_21,30.986757081516515,str_val_23,33.771706572313356,str_val_25,55.05432763747745,str_val_27,58.98512831462842,str_val_29,80.89250213802728,str_val_31,22.592447015521465,str_val_33,27.03715333984693,str_val_35,27.537296337459484,str_val_37,88.1255484487469,str_val_39,97.93194204107857,str_val_41,80.38232013576454
635,12/03/2025,,Red,str_val_1,91.97898048183254,str_val_3,18.501753271831323,str_val_5,39.44512964851062,str_val_7,50.782541464247885,str_val_9,22.287454551201602,str_val_11,19.635414937333508,str_val_13,58.43849415808494,str_val_15,35.35587408627797,str_val_17,46.85639395360091,str_val_19,45.80375567620624,str_val_21,38.376232539701405,str_val_23,39.032658436091836,str_val_25,27.360950344848312,str_val_27,88.02605655670877,str_val_29,94.90568257865792,str_val_31,93.3735225513544,str_val_33,89.66398239964342,str_val_35,8.046825189729034,str_val_37,72.70924202961103,str_val_39,0.8262462074954957,str_val_41,76.88665174364108
100,03/11/2025,,Red,str_val_1,42.638249298410614,str_val_3,77.28560934876396,str_val_5,72.00211903133021,str_val_7,52.17764327242013,str_val_9,75.4358979285426,str_val_11,79.84011805352512,str_val_13,84.0921857111877,str_val_15,50.523848318995114,str_val_17,65.70011497211836,str_val_19,24.654913626713537,str_val_21,40.022974960116706,str_val_23,22.836755186676317,str_val_25,11.943090019663327,str_val_27,69.3072951192475,str_val_29,39.83821950392884,str_val_31,22.380287708970226,str_val_33,60.35361147686071,str_val_35,60.993813463674485,str_val_37,58.51905673231854,str_val_39,0.3786653603781831,str_val_41,3.570278409259109
N/A,09/09/2025,,Red,str_val_1,21.49615540026203,str_val_3,83.17930844672802,str_val_5,82.99873005578372,str_val_7,61.03029791659201,str_val_9,5.669590329386287,str_val_11,16.194272441737777,str_val_13,46.98399254182273,str_val_15,37.080564088011116,str_val_17,99.34288981434383,str_val_19,48.340694569806764,str_val_21,25.499021873456073,str_val_23,81.88219161777086,str_val_25,7.074527625792593,str_val_27,85.88240720278121,str_val_29,8.178144081572981,str_val_31,84.940711302645,str_val_33,70.60281281983313,str_val_35,27.633122001358778,str_val_37,68.94261931226029,str_val_39,80.52375317473864,str_val_41,80.6577442411534
724,10/08/2025,,Green,str_val_1,47.68111172011283,str_val_3,28.418177042530278,str_val_5,64.41095775031282,str_val_7,29.669329638764918,str_val_9,91.18313816234699,str_val_11,7.515336849631938,str_val_13,68.15485778412092,str_val_15,95.19202779652065,str_val_17,58.23025209278556,str_val_19,16.6186956712013,str_val_21,17.385295584860604,str_val_23,85.87499014597404,str_val_25,93.77376072930302,str_val_27,43.578387544674854,str_val_29,88.2416685160281,str_val_31,9.195767366650331,str_val_33,73.19141435675498,str_val_35,74.22935232561724,str_val_37,67.6969330995578,str_val_39,52.51945332151288,str_val_41,22.96492781026953
531,02/08/2025,,Green,str_val_1,8.631279426521365,str_val_3,89.34612619576939,str_val_5,26.765185510087587,str_val_7,40.25916384235229,str_val_9,51.27798784026554,str_val_11,27.411365200663674,str_val_13,76.18905946034,str_val_15,60.3919796531222,str_val_17,88.52308547281267,str_val_19,62.42781303980048,str_val_21,26.479442624532258,str_val_23,24.270369731250597,str_val_25,39.505779487348235,str_val_27,42.1231610651242,str_val_29,83.41503819950861,str_val_31,70.9958446361572,str_val_33,38.15230396266036,str_val_35,86.6308603690026,str_val_37,85.17286740104375,str_val_39,35.995807090713825,str_val_41,79.45070028491706
224,06/06/2025,,Blue,str_val_1,95.90665660892338,str_val_3,2.6379261958354716,str_val_5,26.24310911521901,str_val_7,0.3197040331424872,str_val_9,69.52832850960866,str_val_11,66.987873393725,str_val_13,37.23794618324574,str_val_15,20.004644365288037,str_val_17,94.18360488385741,str_val_19,7.075555102349551,str_val_21,63.736486056046736,str_val_23,60.64934193390089,str_val_25,93.43323788805503,str_val_27,46.35855402238638,str_val_29,91.23718875332662,str_val_31,54.358155448133616,str_val_33,32.561157171540245,str_val_35,82.0049601198962,str_val_37,38.726639914092445,str_val_39,16.05298003463527,str_val_41,41.712765622655525
723,08/01/2025,,Blue,str_val_1,0.7852173224253356,str_val_3,66.34558387328504,str_val_5,50.749093894098564,str_val_7,71.46950073757161,str_val_9,88.91345236585708,str_val_11,5.532236185252282,str_val_13,71.27678799605805,str_val_15,37.38882697350686,str_val_17,99.30727620811443,str_val_19,61.38733480051284,str_val_21,20.649122614502,str_val_23,78.21178767109062,str_val_25,55.08426588443728,str_val_27,91.4513589359274,str_val_29,78.20428083872693,str_val_31,92.64918866772254,str_val_33,42.185047878009094,str_val_35,71.41325135352724,str_val_37,62.94814904086975,str_val_39,32.431806514131125,str_val_41,88.47201772045236
UNKNOWN,04/12/2025,,Blue,str_val_1,24.458016252428095,str_val_3,97.71031116223338,str_val_5,5.295970681298834,str_val_7,8.72099667349373,str_val_9,42.44220414110331,str_val_11,19.291769051091258,str_val_13,14.717308593604306,str_val_15,16.65968813809605,str_val_17,19.34303132329428,str_val_19,5.65971143964955,str_val_21,77.52812530357235,str_val_23,13.928091285335341,str_val_25,64.06136876131586,str_val_27,35.28898685768973,str_val_29,84.43949879527976,str_val_31,67.36643349818027,str_val_33,1.1566440107220077,str_val_35,64.73291230182518,str_val_37,18.686795136742706,str_val_39,29.578377668318524,str_val_41,73.80763908963769
200,12/10/2025,RARE_VALUE,Green,str_val_1,29.168865911623342,str_val_3,95.63409805114085,str_val_5,9.058784264165853,str_val_7,58.444955307425694,str_val_9,89.84971491148693,str_val_11,60.34908219469241,str_val_13,69.14002643599282,str_val_15,78.32640075350703,str_val_17,67.21404182455754,str_val_19,65.67432070526307,str_val_21,78.78729604371193,str_val_23,13.97816735717521,str_val_25,56.91774908572733,str_val_27,59.51443318912395,str_val_29,94.12673231282197,str_val_31,61.4882771314593,str_val_33,24.7823119365308,str_val_35,30.57301264366665,str_val_37,63.38207883983213,str_val_39,85.29264818952804,str_val_41,14.244242955983811
827,06/08/2025,,Blue,str_val_1,84.51668773901812,str_val_3,88.05029354437328,str_val_5,30.90083550157978,str_val_7,53.556316012649106,str_val_9,51.963566346696766,str_val_11,76.55255198672923,str_val_13,93.28451553579376,str_val_15,81.68298319841874,str_val_17,30.062837582656854,str_val_19,5.0917497761954085,str_val_21,11.334754113163347,str_val_23,71.9674975378324,str_val_25,37.762514316195585,str_val_27,48.25255046762603,str_val_29,83.93077274877658,str_val_31,85.78123117052094,str_val_33,11.3123566342197,str_val_35,4.725072102220262,str_val_37,83.18912543494955,str_val_39,45.19558971833598,str_val_41,48.34733891188395
771,08/10/2025,RARE_VALUE,Green,str_val_1,20.272864378262145,str_val_3,37.717730150001074,str_val_5,18.469672743873865,str_val_7,9.413591261523269,str_val_9,90.38488670375689,str_val_11,17.87604043140043,str_val_13,47.68199342363029,str_val_15,33.60136868614879,str_val_17,63.12891685360745,str_val_19,97.9455788942282,str_val_21,54.14930901889963,str_val_23,98.49167920126257,str_val_25,73.02596515596635,str_val_27,20.33574101382204,str_val_29,99.78555706296498,str_val_31,64.41624594448115,str_val_33,62.78604794448347,str_val_35,19.645195422805283,str_val_37,83.73729968694418,str_val_39,55.876603980585614,str_val_41,60.14240047218674
555,01/09/2025,,Red,str_val_1,4.1165446499589535,str_val_3,75.62303963801497,str_val_5,61.75011134759683,str_val_7,47.665501763289484,str_val_9,47.94205170727152,str_val_11,93.03272839095527,str_val_13,58.625324938804,str_val_15,56.35346234042958,str_val_17,4.500341130194441,str_val_19,98.79382353240177,str_val_21,24.427652316050818,str_val_23,21.332024946994732,str_val_25,70.04060435805644,str_val_27,52.55672218223787,str_val_29,42.17957276320114,str_val_31,42.88140582553947,str_val_33,10.33391814251713,str_val_35,98.00109381963826,str_val_37,65.00800661507952,str_val_39,52.355570220992476,str_val_41,23.063082743332018
898,08/03/2025,,Blue,str_val_1,70.59683696926649,str_val_3,30.5837803347757,str_val_5,30.831472441671238,str_val_7,17.716487939469328,str_val_9,76.72428730781445,str_val_11,64.75185463051544,str_val_13,81.60829416727287,str_val_15,60.016013747625166,str_val_17,39.216729460176836,str_val_19,62.63032804727319,str_val_21,88.04584702409039,str_val_23,42.920655434465885,str_val_25,29.723562910290013,str_val_27,80.14589447915492,str_val_29,85.84961846620905,str_val_31,30.570443571645022,str_val_33,76.10466481115719,str_val_35,67.96184411569212,str_val_37,16.62936987371563,str_val_39,23.04645347106028,str_val_41,19.335016226706426
155,08/03/2025,,Red,str_val_1,90.06146603177912,str_val_3,64.87131291158256,str_val_5,69.6914959350752,str_val_7,83.42680211844429,str_val_9,91.24413388326211,str_val_11,21.79557290382139,str_val_13,71.29900776729008,str_val_15,16.631428681420036,str_val_17,62.09163620576169,str_val_19,72.54874799227022,str_val_21,30.332172221850804,str_val_23,11.969671252681191,str_val_25,79.66821967112443,str_val_27,56.82035210089721,str_val_29,27.619315533143862,str_val_31,2.1433458200260436,str_val_33,93.11547231691392,str_val_35,4.580380082282931,str_val_37,86.17251045579297,str_val_39,25.84510441704565,str_val_41,77.6363522472456
395,02/09/2025,,Blue,str_val_1,47.029411381233984,str_val_3,92.7245000745542,str_val_5,86.69640724040212,str_val_7,97.84259108261817,str_val_9,83.67737787544026,str_val_11,22.272490123917798,str_val_13,20.492496309066578,str_val_15,10.649290752788243,str_val_17,27.30050166838923,str_val_19,9.675108127702448,str_val_21,23.442085029864067,str_val_23,8.957001424192669,str_val_25,52.215105278208185,str_val_27,12.357285515829641,str_val_29,34.90140439835655,str_val_31,90.92573292914082,str_val_33,61.46934228242331,str_val_35,72.58609885195133,str_val_37,5.468946237643014,str_val_39,26.45238062656887,str_val_41,97.76017901551948
713,10/08/2025,,Blue,str_val_1,48.46303132000022,str_val_3,69.73285753912906,str_val_5,79.54495200934245,str_val_7,54.158571636220465,str_val_9,58.29722852286275,str_val_11,64.19035334419759,str_val_13,67.3573163184123,str_val_15,12.252190062391444,str_val_17,56.76785204729873,str_val_19,93.5617637411871,str_val_21,11.988310724102769,str_val_23,8.499057858643177,str_val_25,64.57087770895285,str_val_27,82.2422732128338,str_val_29,10.578883295638086,str_val_31,22.41562310751911,str_val_33,60.41286586140529,str_val_35,99.31751452997104,str_val_37,53.85560150722524,str_val_39,40.376592217665795,str_val_41,60.136781683596205
756,04/08/2025,,Blue,str_val_1,37.44917979375033,str_val_3,47.02373975271149,str_val_5,14.960372622361229,str_val_7,55.22653052418667,str_val_9,74.31404320674466,str_val_11,36.0224385696891,str_val_13,36.8824580646723,str_val_15,81.36474818284219,str_val_17,65.02866104152984,str_val_19,75.60982244357498,str_val_21,86.38743883343703,str_val_23,87.30972873967637,str_val_25,27.214216065153572,str_val_27,66.47186791794051,str_val_29,48.867013152023944,str_val_31,65.10975886540314,str_val_33,5.094621095199326,str_val_35,82.64058455217416,str_val_37,47.724202438799104,str_val_39,11.978048821928688,str_val_41,65.28931106523704
UNKNOWN,01/08/2025,,Red,str_val_1,32.33009530188418,str_val_3,78.09364921613667,str_val_5,26.24435284274692,str_val_7,66.86962738461163,str_val_9,10.662816684610377,str_val_11,76.16783727955259,str_val_13,1.0623535770250658,str_val_15,2.577553907898633,str_val_17,41.21157010311276,str_val_19,78.02459968440513,str_val_21,25.048266327518874,str_val_23,58.86491300283445,str_val_25,21.1826824634054,str_val_27,95.66542629301006,str_val_29,31.243424823262757,str_val_31,38.60959184647831,str_val_33,43.107998927208534,str_val_35,80.91455061940273,str_val_37,59.097598754294246,str_val_39,18.94609058596206,str_val_41,50.41965074779975
142,12/08/2025,RARE_VALUE,Blue,str_val_1,87.14920212065589,str_val_3,0.8015085537040334,str_val_5,60.8622795933369,str_val_7,59.80117169320781,str_val_9,64.42423068969259,str_val_11,3.869527414825258,str_val_13,38.23100250080643,str_val_15,61.833220729676576,str_val_17,58.86773886754939,str_val_19,6.195456801121246,str_val_21,60.43665579925106,str_val_23,99.2127886814437,str_val_25,5.9246694040956065,str_val_27,7.809271556958574,str_val_29,86.52043086196738,str_val_31,36.59685791719445,str_val_33,54.29599604011671,str_val_35,55.02983444698053,str_val_37,79.84048991015636,str_val_39,53.31911610441473,str_val_41,33.691666530526746
288,03/11/2025,,Red,str_val_1,66.8409678086835,str_val_3,35.90818233162505,str_val_5,63.90137172657682,str_val_7,74.89408036581625,str_val_9,41.61895596992268,str_val_11,38.60468461766104,str_val_13,20.15562414491754,str_val_15,41.23932967449375,str_val_17,44.503705234840126,str_val_19,81.92495655765188,str_val_21,6.7035628219818015,str_val_23,78.38141906664721,str_val_25,77.71150619925548,str_val_27,58.54745124762844,str_val_29,74.21935884578544,str_val_31,64.90535867891887,str_val_33,68.74065660626478,str_val_35,62.089011101283745,str_val_37,71.02384401210044,str_val_39,55.65378118141777,str_val_41,63.724374759826475
904,02/02/2025,,Red,str_val_1,90.57647950142452,str_val_3,95.40093727035274,str_val_5,34.684944691093854,str_val_7,15.00822588015952,str_val_9,63.68792092390417,str_val_11,75.76949189031411,str_val_13,93.56749866619063,str_val_15,65.12170269164542,str_val_17,17.230715096082584,str_val_19,84.11090649081946,str_val_21,8.411740712240977,str_val_23,76.02405555403826,str_val_25,78.31165181047626,str_val_27,63.09230564507404,str_val_29,60.341533634303545,str_val_31,13.822798184182039,str_val_33,40.070277396707766,str_val_35,71.20864087236401,str_val_37,24.602858548013185,str_val_39,31.489676391445975,str_val_41,83.85146799302467
352,02/12/2025,RARE_VALUE,Green,str_val_1,7.798612583191112,str_val_3,29.677756678708988,str_val_5,57.659894495446565,str_val_7,13.558194035474669,str_val_9,98.85018775211527,str_val_11,90.17721093397131,str_val_13,71.68895697047111,str_val_15,37.83869113685549,str_val_17,69.49297122332713,str_val_19,98.61133603986207,str_val_21,86.96499928342672,str_val_23,15.437619586856876,str_val_25,37.11114362537972,str_val_27,45.29402189163686,str_val_29,15.784721689121028,str_val_31,78.66440387799395,str_val_33,16.84466912345737,str_val_35,67.54874492284145,str_val_37,33.681815992505484,str_val_39,94.21803929369462,str_val_41,85.7936490037893
157,06/06/2025,,Red,str_val_1,75.37526158890108,str_val_3,70.3199556908436,str_val_5,30.74306908693466,str_val_7,70.45853876496179,str_val_9,85.46715203763881,str_val_11,1.5423500408368596,str_val_13,8.725263786907778,str_val_15,22.019974855063317,str_val_17,47.32692707178826,str_val_19,39.47334380881612,str_val_21,28.7765836128261,str_val_23,33.11185866219052,str_val_25,82.78267807658396,str_val_27,27.216242469268625,str_val_29,21.75901204064332,str_val_31,88.53457069776304,str_val_33,90.35084560497873,str_val_35,86.59032526909421,str_val_37,69.85543474903369,str_val_39,8.677692656454806,str_val_41,21.560362131000144
177,11/11/2025,,Green,str_val_1,23.16073945651369,str_val_3,3.7975470302400005,str_val_5,32.47265119451419,str_val_7,40.021049771476356,str_val_9,0.3574806867288949,str_val_11,86.43302948755206,str_val_13,53.400984991636655,str_val_15,7.978121617779554,str_val_17,46.32471647068379,str_val_19,48.61368810585931,str_val_21,37.94690307414177,str_val_23,88.54975922881327,str_val_25,58.95647017776409,str_val_27,96.21688935139895,str_val_29,31.778431623866478,str_val_31,91.46854315279279,str_val_33,49.75632629459265,str_val_35,65.97230913497573,str_val_37,35.71040714087611,str_val_39,72.36209241393694,str_val_41,35.283237406582316
409,07/02/2025,,Green,str_val_1,53.38690753105146,str_val_3,43.358146330077275,str_val_5,15.233815203626033,str_val_7,43.154684050958195,str_val_9,69.45441289797532,str_val_11,64.07006411463603,str_val_13,38.963548691492036,str_val_15,61.4600838976307,str_val_17,14.324534518734067,str_val_19,3.402462171898857,str_val_21,94.21277001697739,str_val_23,31.09816354741104,str_val_25,71.98376304673494,str_val_27,81.16852400196319,str_val_29,51.69172056334307,str_val_31,92.68512228767314,str_val_33,61.92951612998403,str_val_35,68.19760956804961,str_val_37,45.34041206783107,str_val_39,6.709478703845273,str_val_41,37.695413262790254
510,06/10/2025,,Blue,str_val_1,69.42736566035188,str_val_3,15.959445349851986,str_val_5,64.23908023833532,str_val_7,50.42052277818709,str_val_9,9.784733281046442,str_val_11,22.39204385564416,str_val_13,81.16557463715036,str_val_15,10.25347580407885,str_val_17,21.12506912720813,str_val_19,79.40563303409752,str_val_21,63.85870570382095,str_val_23,35.467856497215664,str_val_25,87.00471942767692,str_val_27,96.06314275246646,str_val_29,25.07678338324093,str_val_31,89.97861619666368,str_val_33,28.20774882345337,str_val_35,62.323549731838014,str_val_37,95.22427106411875,str_val_39,80.31965338190157,str_val_41,28.328413982499058
261,08/08/2025,,Green,str_val_1,37.89110705829124,str_val_3,27.41008019396711,str_val_5,85.54601381357958,str_val_7,86.75055085628341,str_val_9,94.35783946317588,str_val_11,94.80548434448734,str_val_13,80.46273453591596,str_val_15,76.66718480022729,str_val_17,70.56188808822647,str_val_19,76.42609036057874,str_val_21,5.695782272763717,str_val_23,43.96318616017826,str_val_25,43.92056519463047,str_val_27,21.284968158582117,str_val_29,73.65674782030507,str_val_31,47.81308704508069,str_val_33,82.4862592734968,str_val_35,61.147113294516465,str_val_37,15.642315866329238,str_val_39,19.484210580402106,str_val_41,27.233134258971305
UNKNOWN,04/01/2025,,Red,str_val_1,88.88278711118211,str_val_3,62.914029499051,str_val_5,97.69498747922206,str_val_7,51.57259098503892,str_val_9,63.95270846469574,str_val_11,96.25220446472814,str_val_13,41.988150830159064,str_val_15,73.43281467966757,str_val_17,71.27329496779615,str_val_19,54.62933161794579,str_val_21,37.779325457755334,str_val_23,33.8824109807216,str_val_25,6.173895409776165,str_val_27,42.20588080100398,str_val_29,36.67809522747112,str_val_31,44.41002255589419,str_val_33,58.338937343406926,str_val_35,81.3698455379537,str_val_37,78.55447222923812,str_val_39,62.60552708356938,str_val_41,90.48744561833401
868,07/11/2025,,Red,str_val_1,2.8153737657984568,str_val_3,94.92609514930462,str_val_5,26.40552797825837,str_val_7,78.48268898595869,str_val_9,61.415850099552635,str_val_11,55.066233922475384,str_val_13,36.715629549014196,str_val_15,63.7579369436258,str_val_17,23.272176907312836,str_val_19,5.244636699983118,str_val_21,64.23449292333446,str_val_23,49.33615586273044,str_val_25,41.231611519855505,str_val_27,50.9411112960685,str_val_29,50.572753365109214,str_val_31,49.71948149481431,str_val_33,15.099421445227545,str_val_35,88.30564802653717,str_val_37,59.005815774091495,str_val_39,44.5021066307009,str_val_41,7.112464584665624
226,09/10/2025,,Red,str_val_1,69.06552624237642,str_val_3,98.01631399641771,str_val_5,11.435714997117152,str_val_7,72.3574496178539,str_val_9,50.58443695602438,str_val_11,75.79341328341712,str_val_13,30.062510926785457,str_val_15,48.352998108116864,str_val_17,64.39234703582314,str_val_19,46.78717247421203,str_val_21,76.01740362233966,str_val_23,92.51886205098157,str_val_25,60.057667679573825,str_val_27,63.8965908778684,str_val_29,17.818466813317922,str_val_31,56.146659770477555,str_val_33,63.79951155232939,str_val_35,51.51864407896431,str_val_37,28.68043237830601,str_val_39,13.170143982842186,str_val_41,1.6604986367425911
361,10/12/2025,,Blue,str_val_1,51.331091426978894,str_val_3,17.165128205347845,str_val_5,51.26881414422703,str_val_7,51.548029458830854,str_val_9,75.6412708138166,str_val_11,90.77010371749974,str_val_13,39.63575613208595,str_val_15,61.82317511147214,str_val_17,99.1565980134609,str_val_19,56.38156511727548,str_val_21,25.96694931264737,str_val_23,30.06298929797141,str_val_25,35.015031070889904,str_val_27,80.01968060719861,str_val_29,36.62639816337035,str_val_31,84.06527398853008,str_val_33,15.014619829325838,str_val_35,46.19360182549103,str_val_37,32.346598225218315,str_val_39,27.413748120004165,str_val_41,71.88398361813094
838,06/05/2025,,Blue,str_val_1,20.013271800203793,str_val_3,22.867803758270444,str_val_5,43.30016272021948,str_val_7,77.55663139174489,str_val_9,48.62844696597146,str_val_11,69.82663762115729,str_val_13,7.700602381378485,str_val_15,34.13838645896677,str_val_17,34.106068074111164,str_val_19,15.591684665775595,str_val_21,72.51425062538465,str_val_23,16.824116300842928,str_val_25,27.9763202120235,str_val_27,95.73790071571548,str_val_29,69.55229121175284,str_val_31,76.0617163967047,str_val_33,45.05093246082137,str_val_35,19.196417458831437,str_val_37,13.562722109890156,str_val_39,0.3617897012004434,str_val_41,98.27186999369685
N/A,01/11/2025,,Blue,str_val_1,26.618911584437164,str_val_3,11.98231310546748,str_val_5,66.07531586520267,str_val_7,10.644339027853423,str_val_9,94.99641350170945,str_val_11,60.63308253083635,str_val_13,22.314368483044454,str_val_15,29.410880849534983,str_val_17,63.53565427178016,str_val_19,67.92596090431304,str_val_21,81.02631033925837,str_val_23,2.9994243388073327,str_val_25,93.28607769047636,str_val_27,65.15872802323986,str_val_29,59.349050384825105,str_val_31,40.01312748734984,str_val_33,28.928226461770777,str_val_35,10.57982411149051,str_val_37,11.923328252119003,str_val_39,7.707162792468514,str_val_41,60.25713074585596
267,03/08/2025,,Blue,str_val_1,92.46546089322139,str_val_3,19.48273317089263,str_val_5,75.33264113215606,str_val_7,14.464367476894658,str_val_9,80.3196557069807,str_val_11,94.12548263973261,str_val_13,22.047845098990358,str_val_15,65.46062758682842,str_val_17,83.46369278229521,str_val_19,27.38779666291844,str_val_21,22.220643534990735,str_val_23,94.54887212128334,str_val_25,68.9434757229391,str_val_27,71.20014642723041,str_val_29,85.55224861189362,str_val_31,51.29334731058933,str_val_33,12.696821233648858,str_val_35,67.1345333052902,str_val_37,23.62290048769723,str_val_39,57.433834684995176,str_val_41,12.511496655510657
106,07/05/2025,,Green,str_val_1,76.15408041912602,str_val_3,90.37843527620825,str_val_5,60.051348154137216,str_val_7,75.34965594842942,str_val_9,24.792689802155643,str_val_11,17.772743764129917,str_val_13,21.248738838193372,str_val_15,58.666535879668956,str_val_17,37.43947798758474,str_val_19,45.78127598206162,str_val_21,28.22556381682585,str_val_23,95.90429756622868,str_val_25,81.6194265268658,str_val_27,1.4033425440494907,str_val_29,42.50370284687238,str_val_31,18.80730415235181,str_val_33,87.9668177845322,str_val_35,58.693305760088776,str_val_37,81.87596251779469,str_val_39,75.34318605513623,str_val_41,1.4915492906370176
769,07/12/2025,,Red,str_val_1,60.523984267173894,str_val_3,99.24942161239649,str_val_5,41.49212727535375,str_val_7,40.423934881464476,str_val_9,43.28030520407074,str_val_11,54.83706159283932,str_val_13,43.233190179157944,str_val_15,38.475658441315765,str_val_17,80.50858139131802,str_val_19,36.55337846749431,str_val_21,50.426975431575,str_val_23,99.5085042325182,str_val_25,46.596512786959146,str_val_27,8.887631042141308,str_val_29,46.966869640158635,str_val_31,15.289272019321798,str_val_33,24.17646623386155,str_val_35,81.8177213074976,str_val_37,37.75328242379845,str_val_39,59.66289583872862,str_val_41,91.27599406501656
546,02/06/2025,RARE_VALUE,Blue,str_val_1,35.24012973553767,str_val_3,25.559729405703756,str_val_5,47.73178286107045,str_val_7,37.233020296546535,str_val_9,23.63682750604793,str_val_11,33.64960890887857,str_val_13,8.947017155160875,str_val_15,91.3003880918369,str_val_17,86.24408555671033,str_val_19,73.92413817111844,str_val_21,6.186115840495299,str_val_23,71.941661523736,str_val_25,48.8060197627319,str_val_27,42.04633336422939,str_val_29,51.477843579604,str_val_31,33.49602974223558,str_val_33,82.0235779083885,str_val_35,57.45482534100744,str_val_37,67.60339119361083,str_val_39,17.44413516963077,str_val_41,1.2727801454787246
UNKNOWN,05/02/2025,,Red,str_val_1,92.3104972922331,str_val_3,4.874286442363696,str_val_5,71.76956479621151,str_val_7,75.95857200639658,str_val_9,51.737788490944546,str_val_11,61.441858651515055,str_val_13,24.798560610389497,str_val_15,37.134078355262275,str_val_17,58.43401268016799,str_val_19,51.24894294611284,str_val_21,95.30870277523911,str_val_23,59.7496896539525,str_val_25,62.76617472275897,str_val_27,0.4703777554093569,str_val_29,42.62645022911072,str_val_31,46.43124695559815,str_val_33,92.15985000452483,str_val_35,43.46272134689497,str_val_37,24.216383692618372,str_val_39,23.020209595833705,str_val_41,73.29897667011602
779,04/01/2025,,Green,str_val_1,13.222643598526783,str_val_3,69.73232157398611,str_val_5,55.20686576320376,str_val_7,67.02096876810599,str_val_9,83.3354784350047,str_val_11,59.015333619858154,str_val_13,13.744726857300504,str_val_15,88.74615667093124,str_val_17,77.09344000508068,str_val_19,58.258864053410555,str_val_21,15.464372898681145,str_val_23,39.16463665634471,str_val_25,63.24458025946377,str_val_27,9.977357308249058,str_val_29,52.56000505448687,str_val_31,43.859050316219104,str_val_33,35.52971058850199,str_val_35,20.57883468078344,str_val_37,59.54228349321613,str_val_39,81.54630664300477,str_val_41,37.67706121586553
984,11/10/2025,,Blue,str_val_1,73.83031898915898,str_val_3,27.204485093607587,str_val_5,73.48970335610612,str_val_7,86.6479265218085,str_val_9,36.96078030320486,str_val_11,47.89004534637671,str_val_13,8.95639449441532,str_val_15,73.33988633609424,str_val_17,63.15096233602077,str_val_19,98.6026228187673,str_val_21,33.98048843656287,str_val_23,15.65305840521286,str_val_25,75.27357076799093,str_val_27,37.75433149213075,str_val_29,36.35080362925686,str_val_31,1.630337586826891,str_val_33,64.10883625013729,str_val_35,33.21711669758947,str_val_37,85.41498839627262,str_val_39,53.70371891830017,str_val_41,84.34797604449261
619,03/10/2025,,Blue,str_val_1,0.7325763663108331,str_val_3,15.929435719327511,str_val_5,57.87038476266492,str_val_7,54.287480959810516,str_val_9,39.99920714633187,str_val_11,55.50840168133706,str_val_13,48.86090868683192,str_val_15,88.71453903491714,str_val_17,35.72041756673908,str_val_19,97.00086291321031,str_val_21,36.50558101090857,str_val_23,62.63089740062018,str_val_25,84.9881689831458,str_val_27,79.35501886454819,str_val_29,37.49472392271078,str_val_31,20.422899442222896,str_val_33,95.1283687307737,str_val_35,44.42033602826433,str_val_37,33.99412452059873,str_val_39,43.3308444047821,str_val_41,60.4395849071241
975,02/08/2025,,Red,str_val_1,98.1383661506679,str_val_3,14.651655540684983,str_val_5,94.03485219341579,str_val_7,54.68579202679713,str_val_9,52.4180425282158,str_val_11,99.96651388190516,str_val_13,79.88643214258897,str_val_15,21.213296456364084,str_val_17,24.68943227892264,str_val_19,76.85567743934037,str_val_21,29.993601512889157,str_val_23,55.09209000166012,str_val_25,85.63919767140965,str_val_27,89.00138087823576,str_val_29,69.84070549374992,str_val_31,16.833784872163594,str_val_33,91.26611302373352,str_val_35,40.84591827411926,str_val_37,7.644159623792557,str_val_39,93.54663304316007,str_val_41,24.377918113474763
838,12/04/2025,,Blue,str_val_1,79.76778823027622,str_val_3,77.21848324076502,str_val_5,74.12850972253108,str_val_7,66.19926293753763,str_val_9,25.520270691508728,str_val_11,1.5630169784502712,str_val_13,3.304543839645746,str_val_15,7.566530524781467,str_val_17,91.75320909315833,str_val_19,18.78731215992412,str_val_21,44.22355300411276,str_val_23,93.94664825045636,str_val_25,72.29473655837597,str_val_27,89.43307486001012,str_val_29,9.593871124171416,str_val_31,0.5809685902987138,str_val_33,71.24575674342204,str_val_35,67.07263863704675,str_val_37,83.86614134542285,str_val_39,34.426285025576284,str_val_41,65.68910173481804
912,07/07/2025,RARE_VALUE,Green,str_val_1,58.77972867184849,str_val_3,86.43019404782054,str_val_5,29.555052977544392,str_val_7,19.83034834319376,str_val_9,30.067752698648185,str_val_11,96.03744808534431,str_val_13,17.36334624686634,str_val_15,12.832955784876553,str_val_17,8.302628886001685,str_val_19,62.824099104210106,str_val_21,56.27325105506363,str_val_23,71.10556631060963,str_val_25,44.485885598185874,str_val_27,71.75713554387467,str_val_29,13.725884137078303,str_val_31,83.45775955292369,str_val_33,4.791781827765895,str_val_35,33.37724026290411,str_val_37,40.29602218235365,str_val_39,82.31078805685185,str_val_41,55.105261495588465
489,01/04/2025,,Red,str_val_1,83.37954378497524,str_val_3,44.905561023025186,str_val_5,83.01360454088784,str_val_7,80.38055814633348,str_val_9,16.100745959762808,str_val_11,79.07950275600409,str_val_13,0.5418175075645126,str_val_15,35.804498599376785,str_val_17,94.1107280397446,str_val_19,28.353537429468524,str_val_21,5.1988596370385665,str_val_23,8.74382067655607,str_val_25,79.73754176495008,str_val_27,44.32896248332659,str_val_29,92.66857775787958,str_val_31,26.241439420706214,str_val_33,39.38878276545164,str_val_35,77.98369073986903,str_val_37,58.22442844435771,str_val_39,4.880484274440078,str_val_41,1.7492104584464707
725,12/07/2025,,Red,str_val_1,97.24794809789098,str_val_3,38.617449831301144,str_val_5,91.86116393037568,str_val_7,21.532333544498037,str_val_9,75.35505760277192,str_val_11,6.831034639778122,str_val_13,38.408368458981144,str_val_15,76.38625934458315,str_val_17,96.13230752523914,str_val_19,55.928697242430495,str_val_21,61.723382140970905,str_val_23,93.8811068848462,str_val_25,67.50448146651648,str_val_27,78.23225489520252,str_val_29,31.501153099048253,str_val_31,79.91880007309582,str_val_33,72.65730069065613,str_val_35,18.076391471011576,str_val_37,83.4497894344196,str_val_39,42.44292891887545,str_val_41,60.28302602786958
329,08/06/2025,,Green,str_val_1,71.34088382041374,str_val_3,67.11914505271383,str_val_5,56.68906967119858,str_val_7,46.83705626394967,str_val_9,76.83780738493301,str_val_11,62.009249530319686,str_val_13,60.01847548927177,str_val_15,78.09578566896393,str_val_17,62.002152331564616,str_val_19,64.91306060770259,str_val_21,10.872433471445364,str_val_23,43.84199274097742,str_val_25,99.54465163575689,str_val_27,99.63701900693277,str_val_29,61.642780005075615,str_val_31,83.5712106217529,str_val_33,27.118650345106776,str_val_35,43.16986444015139,str_val_37,17.076998843737435,str_val_39,7.545883301217183,str_val_41,1.5158502860051826
UNKNOWN,08/02/2025,,Red,str_val_1,24.916016759874616,str_val_3,11.245275344765348,str_val_5,45.48567997786294,str_val_7,62.53125427810057,str_val_9,31.98451731305645,str_val_11,77.52282873294037,str_val_13,77.52347897640159,str_val_15,25.03130590228593,str_val_17,69.49159996142772,str_val_19,90.16633281903418,str_val_21,41.917067660104614,str_val_23,67.71279246391136,str_val_25,24.439268323222983,str_val_27,46.621379869947674,str_val_29,52.823222818795614,str_val_31,55.37589417908949,str_val_33,28.286363301869134,str_val_35,27.759882464086573,str_val_37,76.70803168430758,str_val_39,61.83408823928872,str_val_41,35.48927481464899
878,11/07/2025,,Green,str_val_1,75.16805254084015,str_val_3,52.644471328810674,str_val_5,82.68161955103706,str_val_7,98.30442443277202,str_val_9,97.47739498234561,str_val_11,99.4218972488845,str_val_13,33.38113516059934,str_val_15,37.43670162253395,str_val_17,35.75000983209188,str_val_19,28.90664234204906,str_val_21,28.74107402849848,str_val_23,11.74490943031019,str_val_25,41.70899802425282,str_val_27,64.16823967913396,str_val_29,84.42996268437167,str_val_31,17.286143955246104,str_val_33,86.3118157108575,str_val_35,4.177712898735719,str_val_37,96.10026814553555,str_val_39,91.9737306732415,str_val_41,84.38676787453474
815,10/11/2025,,Red,str_val_1,53.87420555320536,str_val_3,37.02763609418401,str_val_5,52.98638299156789,str_val_7,20.63615700157233,str_val_9,63.29522153264245,str_val_11,53.77903751386992,str_val_13,37.65032485021847,str_val_15,28.19339895199795,str_val_17,71.0152890508668,str_val_19,62.00989144180985,str_val_21,38.32809379181944,str_val_23,88.11339363061256,str_val_25,63.065568589205704,str_val_27,84.4138219458413,str_val_29,81.95098252984295,str_val_31,54.87969228273604,str_val_33,11.662460068305824,str_val_35,65.27268934843495,str_val_37,31.681685640729906,str_val_39,88.86608686688169,str_val_41,71.4590842703142
445,12/07/2025,,Red,str_val_1,37.85019546871735,str_val_3,17.85452220511079,str_val_5,42.177403756619945,str_val_7,94.58223366538333,str_val_9,98.18355400354771,str_val_11,20.894083270216257,str_val_13,30.072997339403816,str_val_15,44.267404007863846,str_val_17,84.33592969541162,str_val_19,64.01068027587358,str_val_21,41.44606020661432,str_val_23,11.64139344978592,str_val_25,56.53310308816536,str_val_27,69.8404976692697,str_val_29,81.48602409240166,str_val_31,99.40609608115574,str_val_33,0.6625556202587313,str_val_35,5.578008617220265,str_val_37,65.12104348769235,str_val_39,77.03877150938959,str_val_41,87.61561346867128
750,01/08/2025,,Green,str_val_1,97.9010667908759,str_val_3,1.6679893517385302,str_val_5,6.335016182957853,str_val_7,85.21491549485113,str_val_9,31.55084353603964,str_val_11,31.327676835496142,str_val_13,95.59454194891734,str_val_15,54.244714751311044,str_val_17,32.62681864808387,str_val_19,13.491529692919912,str_val_21,39.20091477908514,str_val_23,98.43916431548176,str_val_25,93.1350246099702,str_val_27,64.42150922642863,str_val_29,65.64162638395045,str_val_31,43.38296206764494,str_val_33,76.03313215862441,str_val_35,49.14226062866456,str_val_37,56.69801032966979,str_val_39,52.53360690933485,str_val_41,51.81628740163442
245,08/03/2025,,Red,str_val_1,45.75167779198125,str_val_3,49.61481337917586,str_val_5,89.50516530453734,str_val_7,81.96561942672642,str_val_9,83.55522895571276,str_val_11,47.4280544979453,str_val_13,28.9588176625305,str_val_15,54.91611139230908,str_val_17,77.69182323051645,str_val_19,39.69328402037466,str_val_21,97.40603187771107,str_val_23,2.496956947356066,str_val_25,23.25703279938123,str_val_27,36.400885629481394,str_val_29,96.28179278546912,str_val_31,34.65804610553738,str_val_33,39.706091717614036,str_val_35,22.121535582479645,str_val_37,28.500326925557573,str_val_39,22.90877720543246,str_val_41,63.31741784212909
469,10/07/2025,,Green,str_val_1,15.581920482734123,str_val_3,13.971454651631687,str_val_5,62.907016717607675,str_val_7,27.899799222377876,str_val_9,84.23166501174589,str_val_11,54.01092494456196,str_val_13,62.36633680350735,str_val_15,29.846743606621008,str_val_17,24.433865466621498,str_val_19,16.42242546938607,str_val_21,74.32893605557797,str_val_23,72.93795508150637,str_val_25,62.97344675176054,str_val_27,6.2912965894754596,str_val_29,68.70700813178425,str_val_31,68.75879833963941,str_val_33,18.27613528904326,str_val_35,63.262529284202095,str_val_37,28.64249685485556,str_val_39,12.833318470468258,str_val_41,66.73780053899868
484,06/05/2025,,Red,str_val_1,29.893484275698444,str_val_3,69.78821119194969,str_val_5,58.53130011939987,str_val_7,96.41028762767093,str_val_9,89.8237793821713,str_val_11,37.63024720334565,str_val_13,54.20786308635547,str_val_15,42.35722525060612,str_val_17,65.27947475072969,str_val_19,43.8860004398328,str_val_21,91.7646166525285,str_val_23,60.719060908459,str_val_25,63.71837332151309,str_val_27,12.005975044234562,str_val_29,29.19675103093108,str_val_31,28.281340533508835,str_val_33,91.7738853867424,str_val_35,83.70984568647644,str_val_37,45.02853289410539,str_val_39,11.001254450495967,str_val_41,90.30282673521391
872,12/02/2025,,Green,str_val_1,63.21027415419873,str_val_3,47.94257275996109,str_val_5,26.02533437347818,str_val_7,6.00851131685578,str_val_9,42.99959086434265,str_val_11,28.922771926088664,str_val_13,49.7386205598219,str_val_15,61.680489706077815,str_val_17,82.11063453142899,str_val_19,80.79115125563631,str_val_21,33.86715413901648,str_val_23,34.14621133538471,str_val_25,45.593855131158854,str_val_27,17.553209921799517,str_val_29,35.30221990375334,str_val_31,11.010242278777827,str_val_33,1.3830935009725764,str_val_35,53.38224531238909,str_val_37,76.36592198540492,str_val_39,78.75218993306896,str_val_41,48.669724176968444
200,12/06/2025,,Blue,str_val_1,47.49135561282878,str_val_3,89.02381062583046,str_val_5,82.78947227870442,str_val_7,97.17888252110227,str_val_9,68.20628914743833,str_val_11,49.30739784371856,str_val_13,78.57590580173434,str_val_15,72.59475219275886,str_val_17,6.615517655024627,str_val_19,29.968338959049735,str_val_21,38.57729400672147,str_val_23,31.66574211974913,str_val_25,66.19338617114526,str_val_27,56.113585835592396,str_val_29,72.00426621548817,str_val_31,33.84672978993565,str_val_33,62.84667011322803,str_val_35,15.706660284474893,str_val_37,12.612861139747068,str_val_39,50.52666131128037,str_val_41,2.6579169503967104
UNKNOWN,08/04/2025,,Green,str_val_1,7.4761966113059515,str_val_3,85.3395923708775,str_val_5,4.126914643007051,str_val_7,35.23473038298154,str_val_9,46.74122933969615,str_val_11,35.11319691811222,str_val_13,66.15596163173547,str_val_15,26.77729262936256,str_val_17,83.63326059744047,str_val_19,17.680916515936694,str_val_21,43.25839545228407,str_val_23,41.4315609036579,str_val_25,20.685966515909282,str_val_27,78.34857100784255,str_val_29,11.673445283264494,str_val_31,18.830606881651413,str_val_33,76.07499917739304,str_val_35,33.490891449588,str_val_37,85.50402907487107,str_val_39,58.02519743175918,str_val_41,7.709530802590548
570,02/07/2025,,Blue,str_val_1,67.55015713162675,str_val_3,68.77327248719399,str_val_5,6.091770487599025,str_val_7,30.42911850827479,str_val_9,36.82201010831393,str_val_11,89.21343061084156,str_val_13,56.39922039768137,str_val_15,5.701122761867305,str_val_17,30.774451468136355,str_val_19,75.67298701079994,str_val_21,15.308553473652909,str_val_23,26.172365099995154,str_val_25,62.60446787779904,str_val_27,79.17992410154709,str_val_29,50.848121188612815,str_val_31,43.521877529969565,str_val_33,53.035251896435256,str_val_35,42.07240085256101,str_val_37,8.61762056687584,str_val_39,74.18342356827196,str_val_41,21.06310178655373
611,08/04/2025,,Blue,str_val_1,51.093043514208205,str_val_3,85.5331241362347,str_val_5,83.964046528366,str_val_7,77.39192126397833,str_val_9,19.45634309988723,str_val_11,53.453125993858755,str_val_13,83.80675903820749,str_val_15,62.78210538747307,str_val_17,10.945702502663623,str_val_19,10.191851841854294,str_val_21,16.425917232321485,str_val_23,77.76814757828858,str_val_25,48.70100769003094,str_val_27,49.450387002894225,str_val_29,4.585020033346787,str_val_31,30.358592502498016,str_val_33,19.172522747858856,str_val_35,22.27282020319197,str_val_37,43.23501839619334,str_val_39,30.86874266511419,str_val_41,43.23747819442807
105,09/04/2025,,Green,str_val_1,29.86827200063267,str_val_3,91.92790588104373,str_val_5,93.52914153507245,str_val_7,86.05481049881756,str_val_9,34.219402463715255,str_val_11,53.04181670971397,str_val_13,47.486953278201995,str_val_15,74.58211679071225,str_val_17,11.667488342451849,str_val_19,52.74886098189964,str_val_21,17.4993915727761,str_val_23,28.65484173667522,str_val_25,12.712254737333684,str_val_27,44.211184794880985,str_val_29,23.43620896097932,str_val_31,81.46070672171439,str_val_33,5.855897183662673,str_val_35,48.82190053304366,str_val_37,88.84175211145697,str_val_39,66.09412776756372,str_val_41,69.87845269301674
673,01/12/2025,,Green,str_val_1,58.17734629778906,str_val_3,87.40094170827129,str_val_5,88.58651040198903,str_val_7,72.39257721515646,str_val_9,33.155292233062326,str_val_11,25.094121168122683,str_val_13,79.45255549672568,str_val_15,70.49737374336647,str_val_17,30.87539495984518,str_val_19,63.180236280856484,str_val_21,43.929548941894836,str_val_23,26.88895148711937,str_val_25,28.640537918950372,str_val_27,84.5795311458457,str_val_29,75.93531846799063,str_val_31,97.30156624374034,str_val_33,74.02852686457435,str_val_35,67.29029533276324,str_val_37,64.22378269173423,str_val_39,65.36752127600943,str_val_41,89.24543368115373
N/A,11/06/2025,,Blue,str_val_1,46.80697958152725,str_val_3,57.39176720558189,str_val_5,16.801449308288184,str_val_7,0.756632135317814,str_val_9,7.927215842718171,str_val_11,91.50897133736736,str_val_13,81.7668907515024,str_val_15,5.7407379638952705,str_val_17,96.44525751389995,str_val_19,1.9668371346171054,str_val_21,32.91507703937132,str_val_23,39.99193061574399,str_val_25,73.10265621802795,str_val_27,14.983822156258741,str_val_29,98.64936687676095,str_val_31,73.25332639527288,str_val_33,43.75933061731905,str_val_35,81.78363548051937,str_val_37,25.596411631395068,str_val_39,81.74700498829081,str_val_41,54.18047122557431
430,10/07/2025,,Blue,str_val_1,30.933766458355926,str_val_3,65.8499415862482,str_val_5,75.27098893105772,str_val_7,95.43828096333796,str_val_9,54.23222548660548,str_val_11,53.523527339909535,str_val_13,66.10350856154153,str_val_15,95.75302331609534,str_val_17,74.29965970730483,str_val_19,69.44753194283386,str_val_21,52.11039620647381,str_val_23,95.60215728158306,str_val_25,98.29960178239936,str_val_27,88.3714479402927,str_val_29,6.952616306977665,str_val_31,90.37846025605025,str_val_33,74.3942077040068,str_val_35,46.204607054457725,str_val_37,83.795368809098,str_val_39,44.103143906668826,str_val_41,16.00205720305208
273,09/09/2025,,Blue,str_val_1,18.11632157080402,str_val_3,61.56612610176509,str_val_5,21.10868734258924,str_val_7,82.91772754488275,str_val_9,97.9764110435647,str_val_11,32.35815871168582,str_val_13,80.0745589847679,str_val_15,0.3824394047283297,str_val_17,47.66252489545241,str_val_19,4.9215208696641195,str_val_21,42.944665830244766,str_val_23,1.9658603090684679,str_val_25,90.51152202338679,str_val_27,52.07512282880364,str_val_29,45.79719028138709,str_val_31,39.54126013588506,str_val_33,83.16328375059605,str_val_35,0.38493039429572384,str_val_37,34.14884930714421,str_val_39,7.699606973463158,str_val_41,77.21747322111091
613,03/04/2025,,Green,str_val_1,85.7605689615843,str_val_3,91.22023181174275,str_val_5,14.293986468142872,str_val_7,81.15955100819905,str_val_9,36.28096478377465,str_val_11,66.5444882255851,str_val_13,74.22866882073149,str_val_15,7.017278886960032,str_val_17,99.2171726705051,str_val_19,27.35892337106257,str_val_21,27.370795506201308,str_val_23,86.03675693728071,str_val_25,51.6111168144504,str_val_27,22.522181155958656,str_val_29,17.561612387191804,str_val_31,50.59672195001939,str_val_33,23.936012308541997,str_val_35,83.83944154392589,str_val_37,88.31135872370025,str_val_39,57.9149610858245,str_val_41,92.18579821222727
399,02/07/2025,,Green,str_val_1,51.978156774358744,str_val_3,99.03639645650321,str_val_5,23.047007969470013,str_val_7,16.626355219956814,str_val_9,94.2068109996705,str_val_11,28.80784599352686,str_val_13,91.65896738207951,str_val_15,39.949553466680634,str_val_17,24.67874358656006,str_val_19,9.779093264274408,str_val_21,99.34078167322016,str_val_23,83.83193918847903,str_val_25,54.10555238870545,str_val_27,79.99971702963717,str_val_29,66.3289837525023,str_val_31,11.159873948503506,str_val_33,65.30790597103235,str_val_35,57.886775777353215,str_val_37,61.41648278424642,str_val_39,55.71627171314834,str_val_41,50.88874711941571
UNKNOWN,04/04/2025,,Red,str_val_1,61.39904590189802,str_val_3,51.84986140873933,str_val_5,31.10096429902194,str_val_7,12.130726584847517,str_val_9,31.839348976507587,str_val_11,16.116158781912116,str_val_13,53.461438696238616,str_val_15,22.61384736563199,str_val_17,57.758630239832456,str_val_19,66.67064389125261,str_val_21,93.52842633702959,str_val_23,0.5513757543446296,str_val_25,50.60240098316903,str_val_27,18.706117348142428,str_val_29,41.00842276296722,str_val_31,19.084555999075747,str_val_33,78.54334982158423,str_val_35,9.053200565330377,str_val_37,7.3103257617709305,str_val_39,90.61917916377273,str_val_41,79.87434140179941
628,06/02/2025,,Green,str_val_1,89.75415829626313,str_val_3,94.11984603295237,str_val_5,47.44176896766881,str_val_7,84.0513373555553,str_val_9,21.332921869370626,str_val_11,95.1657666730022,str_val_13,48.17139764872289,str_val_15,88.6316288510905,str_val_17,98.01796817814132,str_val_19,75.26884280527054,str_val_21,1.2152411783137973,str_val_23,46.79228792013389,str_val_25,93.94316201651324,str_val_27,36.57266365463627,str_val_29,6.406777205401626,str_val_31,70.68180112270751,str_val_33,21.304194876432547,str_val_35,34.284336942268176,str_val_37,17.367521011441756,str_val_39,48.0568662206899,str_val_41,29.124720526531412
769,01/02/2025,,Blue,str_val_1,15.087022329063338,str_val_3,88.2439675399044,str_val_5,18.12635741962697,str_val_7,71.81386058011387,str_val_9,35.946493997610396,str_val_11,59.622489748763506,str_val_13,27.40415335956713,str_val_15,14.932833526206702,str_val_17,18.161668712370872,str_val_19,80.04586120543088,str_val_21,36.74353346837077,str_val_23,16.662293481263912,str_val_25,1.6602903865103213,str_val_27,4.503522336106425,str_val_29,89.23324331540144,str_val_31,42.38416331169723,str_val_33,19.90694445899446,str_val_35,91.11179820608606,str_val_37,60.08463027202763,str_val_39,67.23448888465553,str_val_41,9.421729659648648
320,02/01/2025,,Red,str_val_1,69.44435660563335,str_val_3,98.2165631925701,str_val_5,3.3103351772464262,str_val_7,30.25364180457132,str_val_9,66.74898869284308,str_val_11,5.131940470751051,str_val_13,20.94839878141135,str_val_15,65.95669966386649,str_val_17,58.51450502178722,str_val_19,10.12505197878173,str_val_21,13.862198641448176,str_val_23,68.10630710685169,str_val_25,39.99078821682341,str_val_27,40.67754254499661,str_val_29,8.879823471171044,str_val_31,88.34791633773011,str_val_33,99.7647763302345,str_val_35,70.7163142211809,str_val_37,49.28662208326907,str_val_39,79.05807358083197,str_val_41,44.06867733044594
199,12/11/2025,,Red,str_val_1,20.95409769500155,str_val_3,5.4754616741168665,str_val_5,40.44713567997553,str_val_7,81.75164811341642,str_val_9,52.58013788857804,str_val_11,34.907932542626554,str_val_13,64.35096352164045,str_val_15,49.83136127366309,str_val_17,24.717627419458342,str_val_19,78.08229297359,str_val_21,46.6522873076469,str_val_23,57.054384052989505,str_val_25,93.5932374683878,str_val_27,74.69077722834162,str_val_29,20.653029154175016,str_val_31,32.60991257892824,str_val_33,65.03424735308667,str_val_35,59.14824617125931,str_val_37,74.47584847768252,str_val_39,67.03584118398092,str_val_41,75.35166276875998
619,09/03/2025,,Green,str_val_1,83.27895864917011,str_val_3,3.2415421241048237,str_val_5,11.6563428164681,str_val_7,63.756681611244524,str_val_9,17.949538694361866,str_val_11,83.99551761571117,str_val_13,40.900855307786145,str_val_15,2.9136342063085463,str_val_17,69.29231435577346,str_val_19,32.50510952858271,str_val_21,83.64234472187569,str_val_23,41.2126898555538,str_val_25,66.82248311714557,str_val_27,59.81567294684449,str_val_29,28.05001867393767,str_val_31,83.76851311408383,str_val_33,97.54534559513071,str_val_35,52.132430766452885,str_val_37,17.794271393695794,str_val_39,99.34123841251868,str_val_41,79.05694640201024
685,02/12/2025,,Blue,str_val_1,55.398430503661665,str_val_3,48.78211194706379,str_val_5,13.527894704023346,str_val_7,49.51154848796185,str_val_9,0.7935302092900165,str_val_11,17.415141954318546,str_val_13,79.04245133630057,str_val_15,42.070100308105594,str_val_17,5.964222799335673,str_val_19,27.653724108242084,str_val_21,79.2051449401479,str_val_23,1.7341403995481786,str_val_25,7.970050870075573,str_val_27,13.09035618946771,str_val_29,62.31020213197147,str_val_31,80.76338811324983,str_val_33,29.752418397354162,str_val_35,14.031363078896453,str_val_37,15.6182831316248,str_val_39,18.71828488205808,str_val_41,18.044048808779568
925,06/04/2025,RARE_VALUE,Green,str_val_1,2.412404256147749,str_val_3,37.007060903770586,str_val_5,8.07214207282727,str_val_7,46.50577143267084,str_val_9,88.9881229130144,str_val_11,65.77200960956665,str_val_13,56.15708241635243,str_val_15,49.5288730150356,str_val_17,87.50123804993083,str_val_19,86.80808796280274,str_val_21,81.58982002444242,str_val_23,19.523559676813118,str_val_25,85.69706714930409,str_val_27,58.888435651031386,str_val_29,32.37463504091633,str_val_31,58.96674892788376,str_val_33,33.94088081441271,str_val_35,87.11373156609046,str_val_37,76.99902876429539,str_val_39,14.006545327415221,str_val_41,63.50289506651412
726,11/01/2025,,Green,str_val_1,21.343445026219488,str_val_3,53.966828115486464,str_val_5,10.6822388694071,str_val_7,52.56532517159839,str_val_9,54.871425012326824,str_val_11,90.84955027482509,str_val_13,66.50641712179225,str_val_15,25.722884983105253,str_val_17,6.482603819892008,str_val_19,85.61234862011874,str_val_21,75.14986284450171,str_val_23,6.5273511985481925,str_val_25,47.06655171493678,str_val_27,27.390333272245105,str_val_29,2.9820860099458057,str_val_31,39.64908599218779,str_val_33,10.708859974130757,str_val_35,79.49251806788907,str_val_37,90.21519695447927,str_val_39,89.69952484583952,str_val_41,7.896181732624874
546,07/02/2025,,Blue,str_val_1,73.58606880333964,str_val_3,76.3690133669106,str_val_5,55.689967549542565,str_val_7,67.76736177726269,str_val_9,66.37724458287848,str_val_11,73.3102138429853,str_val_13,79.11320898001476,str_val_15,28.906422873659043,str_val_17,71.88884665473657,str_val_19,45.24568475593288,str_val_21,11.426596264902045,str_val_23,95.13770707059454,str_val_25,23.6332320298441,str_val_27,8.40086163474555,str_val_29,64.25417834375294,str_val_31,22.031095762830066,str_val_33,33.18821032215662,str_val_35,80.03729878198882,str_val_37,60.39373433355099,str_val_39,83.69376245080736,str_val_41,11.514849172769415
UNKNOWN,10/08/2025,,Red,str_val_1,29.83478629802512,str_val_3,68.59179302708031,str_val_5,41.91622800773679,str_val_7,8.983001571357796,str_val_9,87.22907930155964,str_val_11,21.939188397970753,str_val_13,95.5646428719832,str_val_15,58.835355506361594,str_val_17,20.551685196114832,str_val_19,56.010435211642516,str_val_21,48.14323500708312,str_val_23,29.794551612352336,str_val_25,82.5668440366147,str_val_27,51.80592870335514,str_val_29,85.95665054809773,str_val_31,58.642574897212405,str_val_33,18.715679062342883,str_val_35,89.79983857579191,str_val_37,83.2033737665916,str_val_39,49.67824983882056,str_val_41,79.42897760764758
337,05/02/2025,,Blue,str_val_1,22.41090701902353,str_val_3,10.885527819312967,str_val_5,46.09571782056812,str_val_7,99.40976138187703,str_val_9,33.44171829687305,str_val_11,17.62081988009706,str_val_13,87.9999852991285,str_val_15,63.78265401680916,str_val_17,80.38421457874966,str_val_19,72.51137376044575,str_val_21,95.49337561396179,str_val_23,19.58894998246341,str_val_25,27.158254252342818,str_val_27,77.5673928548877,str_val_29,33.85125470201662,str_val_31,90.74957687616745,str_val_33,53.60002997109974,str_val_35,88.13735891710175,str_val_37,6.340352327752408,str_val_39,51.009268946582466,str_val_41,21.23807959725391
299,08/11/2025,,Green,str_val_1,54.55902694804681,str_val_3,13.771150068071947,str_val_5,77.74542924322054,str_val_7,49.6721248152368,str_val_9,16.08942932678108,str_val_11,39.152454069619424,str_val_13,11.883411865351478,str_val_15,67.00804825178423,str_val_17,35.056063156102915,str_val_19,57.43673986062968,str_val_21,70.39380108720708,str_val_23,39.47071365317345,str_val_25,37.25860117483328,str_val_27,39.6196841796574,str_val_29,19.239634077402933,str_val_31,98.29016675097245,str_val_33,32.412830938376324,str_val_35,12.231475697637318,str_val_37,43.39075882436428,str_val_39,68.0404976265454,str_val_41,21.219827161931548
608,03/03/2025,,Green,str_val_1,11.923469717291802,str_val_3,32.21674035086176,str_val_5,78.63176802264104,str_val_7,3.483975374479009,str_val_9,30.72909581619604,str_val_11,9.738720475450869,str_val_13,39.557922916240074,str_val_15,11.453214808906708,str_val_17,57.29005638222727,str_val_19,82.83093904794457,str_val_21,98.15069630348223,str_val_23,73.78964483989078,str_val_25,53.91212006048091,str_val_27,97.56737604797449,str_val_29,39.1894066419416,str_val_31,18.51670346224843,str_val_33,92.66286063806025,str_val_35,32.90202196861895,str_val_37,71.08589388641401,str_val_39,10.383628290157876,str_val_41,49.60540501308406
754,03/01/2025,,Blue,str_val_1,2.1317639887821427,str_val_3,72.56966563440834,str_val_5,45.11577584036593,str_val_7,79.02530198918801,str_val_9,39.37151739956308,str_val_11,24.5389915057078,str_val_13,98.30749428528514,str_val_15,35.07406960188515,str_val_17,90.99526649099342,str_val_19,45.02019928949693,str_val_21,41.306247059375934,str_val_23,25.109124440483722,str_val_25,39.79344666403235,str_val_27,16.601314893105858,str_val_29,2.684667317201439,str_val_31,96.65545785029114,str_val_33,49.41082515002552,str_val_35,22.057439660737355,str_val_37,24.078717734538447,str_val_39,58.52994805069851,str_val_41,28.058214041212125
840,12/12/2025,,Red,str_val_1,1.2488705530057986,str_val_3,30.488816080017767,str_val_5,94.86534825127187,str_val_7,30.371054327807634,str_val_9,69.39515580397338,str_val_11,26.925126932275912,str_val_13,68.50903067039671,str_val_15,14.614363792668772,str_val_17,40.39060973295469,str_val_19,5.749302253700961,str_val_21,42.91010397702383,str_val_23,11.09775771308945,str_val_25,9.002703569779836,str_val_27,69.50346907033979,str_val_29,51.16054720711699,str_val_31,87.90357883788579,str_val_33,60.37207159159272,str_val_35,1.7134940412829258,str_val_37,77.79236958121133,str_val_39,9.723840285478202,str_val_41,62.30570307816484
328,02/09/2025,,Blue,str_val_1,42.37105942349372,str_val_3,42.457441422981205,str_val_5,54.283681016253425,str_val_7,9.235322298828773,str_val_9,55.04622038444402,str_val_11,72.82844788578453,str_val_13,89.5922206985657,str_val_15,92.1356058051601,str_val_17,19.88557138063477,str_val_19,39.84731553502222,str_val_21,48.56830221267603,str_val_23,26.511554632604238,str_val_25,59.887512368368654,str_val_27,1.7718516640878978,str_val_29,35.67919666646419,str_val_31,27.865444410643626,str_val_33,73.31300808095871,str_val_35,46.2043820235472,str_val_37,42.6580881860002,str_val_39,22.996979124621465,str_val_41,41.92495447319713
402,10/01/2025,,Blue,str_val_1,6.130320049361537,str_val_3,24.02598547438226,str_val_5,18.66253123675157,str_val_7,16.0515842336283,str_val_9,59.42676646718109,str_val_11,7.9096303639550225,str_val_13,90.69887639250194,str_val_15,96.84503718724483,str_val_17,94.28211826855079,str_val_19,36.4567657788053,str_val_21,86.05045459678307,str_val_23,29.265230922439322,str_val_25,87.27196028673373,str_val_27,56.711849418573436,str_val_29,5.66040009373836,str_val_31,74.28346177441362,str_val_33,37.16807406278383,str_val_35,29.717054985952164,str_val_37,36.69649085069131,str_val_39,34.95070541995292,str_val_41,22.38293662710239
294,03/08/2025,,Green,str_val_1,31.913935819650984,str_val_3,23.954381802606527,str_val_5,35.427160568582764,str_val_7,17.784095070650796,str_val_9,84.40138599739556,str_val_11,72.67316130501892,str_val_13,48.72868429430357,str_val_15,57.31661156617821,str_val_17,29.971829955586514,str_val_19,86.88957052637669,str_val_21,93.17823513415377,str_val_23,39.12703066902971,str_val_25,16.103061749799043,str_val_27,73.30608097697578,str_val_29,56.09715310916251,str_val_31,38.27136050960369,str_val_33,52.75352212294072,str_val_35,11.066853340462268,str_val_37,36.5851782569793,str_val_39,2.7371259213624155,str_val_41,12.143451085011492
472,06/08/2025,,Green,str_val_1,95.95105977185518,str_val_3,2.194618016697736,str_val_5,0.9504075081625318,str_val_7,94.40215370976608,str_val_9,48.227837995648294,str_val_11,7.281601679070915,str_val_13,57.12224578934123,str_val_15,42.344383929783845,str_val_17,30.85442125754849,str_val_19,6.5703336019923615,str_val_21,60.5622425638811,str_val_23,45.398085401332686,str_val_25,43.45745271749946,str_val_27,16.162751431633204,str_val_29,70.97937745168362,str_val_31,99.67488901317823,str_val_33,92.31175903923365,str_val_35,92.123003379041,str_val_37,60.95063872612207,str_val_39,73.3867184354062,str_val_41,65.59462232207458
